Manufacturer,Calories
General Mills,123.44827586206897
Kellogg's,155.45454545454547
Post,143.47826086956522
Quaker,138
